{"cameraMode":{"drawMode":0,"name":"Shaded","section":"Shading Mode"},"sceneLighting":false,"audioPlay":false,"sceneViewState":{"showFog":true,"showMaterialUpdate":true,"showSkybox":true,"showFlares":true,"showImageEffects":true,"showParticleSystems":true},"in2DMode":false,"pivot":{"x":3.9119999408721926,"y":1.1133983135223389,"z":-1.8868635892868043},"rotation":{"x":-0.013040288351476193,"y":0.9755980372428894,"z":-0.06037766486406326,"w":-0.21069647371768952},"size":4.791349411010742,"orthographic":false}