{"cameraMode":{"drawMode":0,"name":"Shaded","section":"Shading Mode"},"sceneLighting":false,"audioPlay":false,"sceneViewState":{"showFog":true,"showMaterialUpdate":true,"showSkybox":true,"showFlares":true,"showImageEffects":true,"showParticleSystems":true},"in2DMode":false,"pivot":{"x":-2.00000262260437,"y":1.499972939491272,"z":3.450018882751465},"rotation":{"x":-0.0823274627327919,"y":0.04363318160176277,"z":-0.003607945516705513,"w":-0.9956432580947876},"size":7.231847286224365,"orthographic":false}