{"cameraMode":{"drawMode":0,"name":"Shaded","section":"Shading Mode"},"sceneLighting":false,"audioPlay":false,"sceneViewState":{"showFog":true,"showMaterialUpdate":true,"showSkybox":true,"showFlares":true,"showImageEffects":true,"showParticleSystems":true},"in2DMode":false,"pivot":{"x":-7.999972343444824,"y":1.4999665021896363,"z":3.5000033378601076},"rotation":{"x":0.020997652783989908,"y":-0.008701808750629425,"z":-0.0001816933654481545,"w":-0.9997416734695435},"size":5.47246789932251,"orthographic":false}