{"cameraMode":{"drawMode":0,"name":"Shaded","section":"Shading Mode"},"sceneLighting":false,"audioPlay":false,"sceneViewState":{"showFog":true,"showMaterialUpdate":true,"showSkybox":true,"showFlares":true,"showImageEffects":true,"showParticleSystems":true},"in2DMode":false,"pivot":{"x":3.0995237827301027,"y":2.5489869117736818,"z":4.046321392059326},"rotation":{"x":-0.02428813837468624,"y":0.45680901408195498,"z":-0.012477441690862179,"w":-0.8891456723213196},"size":3.436227321624756,"orthographic":false}