{"cameraMode":{"drawMode":0,"name":"Shaded","section":"Shading Mode"},"sceneLighting":false,"audioPlay":false,"sceneViewState":{"showFog":true,"showMaterialUpdate":true,"showSkybox":true,"showFlares":true,"showImageEffects":true,"showParticleSystems":true},"in2DMode":false,"pivot":{"x":-35.870262145996097,"y":-0.4730898141860962,"z":37.58485412597656},"rotation":{"x":0.13146546483039857,"y":-0.04756428673863411,"z":0.006314861588180065,"w":0.9901589155197144},"size":9.19942569732666,"orthographic":false}