{"cameraMode":{"drawMode":0,"name":"Shaded","section":"Shading Mode"},"sceneLighting":false,"audioPlay":false,"sceneViewState":{"showFog":true,"showMaterialUpdate":true,"showSkybox":true,"showFlares":true,"showImageEffects":true,"showParticleSystems":true},"in2DMode":false,"pivot":{"x":16.93279266357422,"y":1.7297191619873047,"z":-3.7409579753875734},"rotation":{"x":-0.11890116333961487,"y":0.4164290428161621,"z":-0.055034536868333819,"w":-0.8996780514717102},"size":4.472230434417725,"orthographic":false}