{"cameraMode":{"drawMode":0,"name":"Shaded","section":"Shading Mode"},"sceneLighting":false,"audioPlay":false,"sceneViewState":{"showFog":true,"showMaterialUpdate":true,"showSkybox":true,"showFlares":true,"showImageEffects":true,"showParticleSystems":true},"in2DMode":false,"pivot":{"x":0.0,"y":7.450580596923828e-9,"z":-3.725290298461914e-9},"rotation":{"x":-0.022671492770314218,"y":0.9470059275627136,"z":-0.06859731674194336,"w":-0.31298598647117617},"size":0.2823812961578369,"orthographic":false}