{"cameraMode":{"drawMode":0,"name":"Shaded","section":"Shading Mode"},"sceneLighting":false,"audioPlay":false,"sceneViewState":{"showFog":true,"showMaterialUpdate":true,"showSkybox":true,"showFlares":true,"showImageEffects":true,"showParticleSystems":true},"in2DMode":false,"pivot":{"x":0.0,"y":-1.1175870895385743e-8,"z":8.940696716308594e-8},"rotation":{"x":-0.00706208823248744,"y":0.988970160484314,"z":-0.1391756534576416,"w":-0.05018289014697075},"size":0.3443513810634613,"orthographic":false}