{"cameraMode":{"drawMode":0,"name":"Shaded","section":"Shading Mode"},"sceneLighting":false,"audioPlay":false,"sceneViewState":{"showFog":true,"showMaterialUpdate":true,"showSkybox":true,"showFlares":true,"showImageEffects":true,"showParticleSystems":true},"in2DMode":false,"pivot":{"x":-5.46999979019165,"y":0.5493744611740112,"z":7.150000095367432},"rotation":{"x":-0.1291600614786148,"y":0.8175642490386963,"z":-0.2016398161649704,"w":-0.5236868262290955},"size":6.498137950897217,"orthographic":false}