{"cameraMode":{"drawMode":0,"name":"Shaded","section":"Shading Mode"},"sceneLighting":false,"audioPlay":false,"sceneViewState":{"showFog":true,"showMaterialUpdate":true,"showSkybox":true,"showFlares":true,"showImageEffects":true,"showParticleSystems":true},"in2DMode":false,"pivot":{"x":-1.4901161193847657e-7,"y":-7.450580596923828e-9,"z":-1.862645149230957e-8},"rotation":{"x":-0.0013480299385264516,"y":0.9946843385696411,"z":-0.10212236642837525,"w":-0.013129542581737042},"size":0.38929054141044619,"orthographic":false}