{"cameraMode":{"drawMode":0,"name":"Shaded","section":"Shading Mode"},"sceneLighting":false,"audioPlay":false,"sceneViewState":{"showFog":true,"showMaterialUpdate":true,"showSkybox":true,"showFlares":true,"showImageEffects":true,"showParticleSystems":true},"in2DMode":false,"pivot":{"x":0.1509999930858612,"y":0.36500000953674319,"z":-0.9369999170303345},"rotation":{"x":0.15849743783473969,"y":0.17290262877941132,"z":0.028203796595335008,"w":-0.9716932773590088},"size":1.6786808967590333,"orthographic":false}