{"cameraMode":{"drawMode":0,"name":"Shaded","section":"Shading Mode"},"sceneLighting":false,"audioPlay":false,"sceneViewState":{"showFog":true,"showMaterialUpdate":true,"showSkybox":true,"showFlares":true,"showImageEffects":true,"showParticleSystems":true},"in2DMode":false,"pivot":{"x":-2.2099997997283937,"y":1.7170519828796387,"z":-2.0798611640930177},"rotation":{"x":0.02886381559073925,"y":0.9580438733100891,"z":-0.10417275130748749,"w":0.2654561698436737},"size":5.689183712005615,"orthographic":false}