{"cameraMode":{"drawMode":0,"name":"Shaded","section":"Shading Mode"},"sceneLighting":false,"audioPlay":false,"sceneViewState":{"showFog":true,"showMaterialUpdate":true,"showSkybox":true,"showFlares":true,"showImageEffects":true,"showParticleSystems":true},"in2DMode":false,"pivot":{"x":-12.229999542236329,"y":0.9325762987136841,"z":-3.878654956817627},"rotation":{"x":-0.013040288351476193,"y":0.9755980372428894,"z":-0.06037766486406326,"w":-0.21069647371768952},"size":9.715895652770996,"orthographic":false}