{"cameraMode":{"drawMode":0,"name":"Shaded","section":"Shading Mode"},"sceneLighting":false,"audioPlay":false,"sceneViewState":{"showFog":true,"showMaterialUpdate":true,"showSkybox":true,"showFlares":true,"showImageEffects":true,"showParticleSystems":true},"in2DMode":false,"pivot":{"x":13.605674743652344,"y":0.7984918355941773,"z":-2.6055541038513185},"rotation":{"x":-0.18384994566440583,"y":0.30118080973625185,"z":-0.05929786339402199,"w":-0.9337950348854065},"size":3.6955959796905519,"orthographic":false}