{"cameraMode":{"drawMode":0,"name":"Shaded","section":"Shading Mode"},"sceneLighting":false,"audioPlay":false,"sceneViewState":{"showFog":true,"showMaterialUpdate":true,"showSkybox":true,"showFlares":true,"showImageEffects":true,"showParticleSystems":true},"in2DMode":false,"pivot":{"x":17.01654815673828,"y":-0.035799622535705569,"z":33.54269027709961},"rotation":{"x":0.12876616418361665,"y":0.2051914483308792,"z":-0.027246667072176935,"w":0.9698317050933838},"size":12.454394340515137,"orthographic":false}