{"cameraMode":{"drawMode":0,"name":"Shaded","section":"Shading Mode"},"sceneLighting":false,"audioPlay":false,"sceneViewState":{"showFog":true,"showMaterialUpdate":true,"showSkybox":true,"showFlares":true,"showImageEffects":true,"showParticleSystems":true},"in2DMode":false,"pivot":{"x":3.5684568881988527,"y":6.208062171936035,"z":3.0347886085510256},"rotation":{"x":0.07704857736825943,"y":0.5128225088119507,"z":-0.046278271824121478,"w":0.8537768125534058},"size":14.732314109802246,"orthographic":false}