{"cameraMode":{"drawMode":0,"name":"Shaded","section":"Shading Mode"},"sceneLighting":false,"audioPlay":false,"sceneViewState":{"showFog":true,"showMaterialUpdate":true,"showSkybox":true,"showFlares":true,"showImageEffects":true,"showParticleSystems":true},"in2DMode":false,"pivot":{"x":1.5273690223693848e-7,"y":-1.4901161193847657e-8,"z":0.0},"rotation":{"x":0.00048047243035398424,"y":0.9992992281913757,"z":-0.013800748623907566,"w":0.03479062765836716},"size":0.3577387034893036,"orthographic":false}