{"cameraMode":{"drawMode":0,"name":"Shaded","section":"Shading Mode"},"sceneLighting":false,"audioPlay":false,"sceneViewState":{"showFog":true,"showMaterialUpdate":true,"showSkybox":true,"showFlares":true,"showImageEffects":true,"showParticleSystems":true},"in2DMode":false,"pivot":{"x":9.934928894042969,"y":2.940980911254883,"z":4.202367782592773},"rotation":{"x":-0.02654111012816429,"y":0.9531481862068176,"z":-0.0877542644739151,"w":-0.28827640414237978},"size":10.658578872680664,"orthographic":false}