{"cameraMode":{"drawMode":0,"name":"Shaded","section":"Shading Mode"},"sceneLighting":false,"audioPlay":false,"sceneViewState":{"showFog":true,"showMaterialUpdate":true,"showSkybox":true,"showFlares":true,"showImageEffects":true,"showParticleSystems":true},"in2DMode":false,"pivot":{"x":0.0,"y":-1.862645149230957e-9,"z":-1.1175870895385743e-8},"rotation":{"x":-0.06352464854717255,"y":0.8498163223266602,"z":-0.1053234189748764,"w":-0.5125269293785095},"size":0.2499828040599823,"orthographic":false}