{"cameraMode":{"drawMode":0,"name":"Shaded","section":"Shading Mode"},"sceneLighting":false,"audioPlay":false,"sceneViewState":{"showFog":true,"showMaterialUpdate":true,"showSkybox":true,"showFlares":true,"showImageEffects":true,"showParticleSystems":true},"in2DMode":false,"pivot":{"x":-7.51071310043335,"y":1.2966859340667725,"z":-3.1478610038757326},"rotation":{"x":-0.008874836377799511,"y":0.6929152607917786,"z":-0.00852903164923191,"w":-0.7209140062332153},"size":2.315438747406006,"orthographic":false}