{"cameraMode":{"drawMode":0,"name":"Shaded","section":"Shading Mode"},"sceneLighting":false,"audioPlay":false,"sceneViewState":{"showFog":true,"showMaterialUpdate":true,"showSkybox":true,"showFlares":true,"showImageEffects":true,"showParticleSystems":true},"in2DMode":false,"pivot":{"x":0.1499999761581421,"y":0.0,"z":-0.14999999105930329},"rotation":{"x":0.11633072793483734,"y":-0.3752458393573761,"z":0.04753228276968002,"w":0.9183672070503235},"size":1.212497353553772,"orthographic":false}