{"cameraMode":{"drawMode":0,"name":"Shaded","section":"Shading Mode"},"sceneLighting":false,"audioPlay":false,"sceneViewState":{"showFog":true,"showMaterialUpdate":true,"showSkybox":true,"showFlares":true,"showImageEffects":true,"showParticleSystems":true},"in2DMode":false,"pivot":{"x":3.0547380447387697e-7,"y":0.0460733063519001,"z":0.0},"rotation":{"x":-0.0017457567155361176,"y":0.9982190728187561,"z":-0.03776026517152786,"w":-0.04614952206611633},"size":0.20222003757953645,"orthographic":false}