{"cameraMode":{"drawMode":0,"name":"Shaded","section":"Shading Mode"},"sceneLighting":false,"audioPlay":false,"sceneViewState":{"showFog":true,"showMaterialUpdate":true,"showSkybox":true,"showFlares":true,"showImageEffects":true,"showParticleSystems":true},"in2DMode":false,"pivot":{"x":3.0547380447387697e-7,"y":0.0460733063519001,"z":0.0},"rotation":{"x":-0.017003193497657777,"y":0.9148205518722534,"z":-0.03872903808951378,"w":-0.40163958072662356},"size":0.20222003757953645,"orthographic":false}