{"cameraMode":{"drawMode":0,"name":"Shaded","section":"Shading Mode"},"sceneLighting":false,"audioPlay":false,"sceneViewState":{"showFog":true,"showMaterialUpdate":true,"showSkybox":true,"showFlares":true,"showImageEffects":true,"showParticleSystems":true},"in2DMode":false,"pivot":{"x":1.9859999418258668,"y":2.648676872253418,"z":4.006999969482422},"rotation":{"x":-0.008508509956300259,"y":0.9765461683273315,"z":-0.2115241140127182,"w":-0.03927793726325035},"size":2.836660861968994,"orthographic":false}