{"cameraMode":{"drawMode":0,"name":"Shaded","section":"Shading Mode"},"sceneLighting":false,"audioPlay":false,"sceneViewState":{"showFog":true,"showMaterialUpdate":true,"showSkybox":true,"showFlares":true,"showImageEffects":true,"showParticleSystems":true},"in2DMode":false,"pivot":{"x":-0.0013408660888671876,"y":0.49354445934295657,"z":-0.00010091066360473633},"rotation":{"x":0.24212807416915894,"y":-0.20763488113880158,"z":0.05312859266996384,"w":0.9462764263153076},"size":5.29345703125,"orthographic":false}