{"cameraMode":{"drawMode":0,"name":"Shaded","section":"Shading Mode"},"sceneLighting":false,"audioPlay":false,"sceneViewState":{"showFog":true,"showMaterialUpdate":true,"showSkybox":true,"showFlares":true,"showImageEffects":true,"showParticleSystems":true},"in2DMode":false,"pivot":{"x":-16.25166130065918,"y":1.6459378004074097,"z":-3.6972579956054689},"rotation":{"x":-0.007761543150991201,"y":0.9719284176826477,"z":-0.03238590434193611,"w":-0.23290802538394929},"size":5.562784194946289,"orthographic":false}