{"cameraMode":{"drawMode":0,"name":"Shaded","section":"Shading Mode"},"sceneLighting":false,"audioPlay":false,"sceneViewState":{"showFog":true,"showMaterialUpdate":true,"showSkybox":true,"showFlares":true,"showImageEffects":true,"showParticleSystems":true},"in2DMode":false,"pivot":{"x":5.480999946594238,"y":1.259720802307129,"z":-2.0440609455108644},"rotation":{"x":-0.03604649379849434,"y":0.6646736264228821,"z":-0.0321342870593071,"w":-0.7455716729164124},"size":5.54506778717041,"orthographic":false}