{"cameraMode":{"drawMode":0,"name":"Shaded","section":"Shading Mode"},"sceneLighting":false,"audioPlay":false,"sceneViewState":{"showFog":true,"showMaterialUpdate":true,"showSkybox":true,"showFlares":true,"showImageEffects":true,"showParticleSystems":true},"in2DMode":false,"pivot":{"x":-21.229999542236329,"y":1.3570282459259034,"z":2.27050518989563},"rotation":{"x":-0.06401410698890686,"y":0.8314202427864075,"z":-0.09798283874988556,"w":-0.5431777238845825},"size":6.23828125,"orthographic":false}