{"cameraMode":{"drawMode":0,"name":"Shaded","section":"Shading Mode"},"sceneLighting":false,"audioPlay":false,"sceneViewState":{"showFog":true,"showMaterialUpdate":true,"showSkybox":true,"showFlares":true,"showImageEffects":true,"showParticleSystems":true},"in2DMode":false,"pivot":{"x":-10.920130729675293,"y":1.671743392944336,"z":6.3584675788879398},"rotation":{"x":-0.013040288351476193,"y":0.9755980372428894,"z":-0.06037766486406326,"w":-0.21069647371768952},"size":6.643514633178711,"orthographic":false}