{"cameraMode":{"drawMode":0,"name":"Shaded","section":"Shading Mode"},"sceneLighting":false,"audioPlay":false,"sceneViewState":{"showFog":true,"showMaterialUpdate":true,"showSkybox":true,"showFlares":true,"showImageEffects":true,"showParticleSystems":true},"in2DMode":false,"pivot":{"x":0.0031213387846946718,"y":1.1175870895385743e-8,"z":-0.0014363564550876618},"rotation":{"x":-0.02820492349565029,"y":0.9717875123023987,"z":-0.16362398862838746,"w":-0.16751347482204438},"size":0.21894299983978272,"orthographic":false}