{"cameraMode":{"drawMode":0,"name":"Shaded","section":"Shading Mode"},"sceneLighting":false,"audioPlay":false,"sceneViewState":{"showFog":true,"showMaterialUpdate":true,"showSkybox":true,"showFlares":true,"showImageEffects":true,"showParticleSystems":true},"in2DMode":false,"pivot":{"x":6.690000057220459,"y":1.087615728378296,"z":-9.550000190734864},"rotation":{"x":-0.004441688768565655,"y":0.9949328899383545,"z":-0.05109396576881409,"w":-0.08647720515727997},"size":12.502516746520996,"orthographic":false}