{"cameraMode":{"drawMode":0,"name":"Shaded","section":"Shading Mode"},"sceneLighting":false,"audioPlay":false,"sceneViewState":{"showFog":true,"showMaterialUpdate":true,"showSkybox":true,"showFlares":true,"showImageEffects":true,"showParticleSystems":true},"in2DMode":false,"pivot":{"x":-0.5219480991363525,"y":2.884788751602173,"z":4.011870384216309},"rotation":{"x":-0.016317065805196763,"y":0.9788748621940613,"z":-0.1845131516456604,"w":-0.08656103163957596},"size":2.4747772216796877,"orthographic":false}