{"cameraMode":{"drawMode":0,"name":"Shaded","section":"Shading Mode"},"sceneLighting":false,"audioPlay":false,"sceneViewState":{"showFog":true,"showMaterialUpdate":true,"showSkybox":true,"showFlares":true,"showImageEffects":true,"showParticleSystems":true},"in2DMode":false,"pivot":{"x":3.630000114440918,"y":1.055104374885559,"z":4.012641429901123},"rotation":{"x":-0.013040288351476193,"y":0.9755980372428894,"z":-0.06037766486406326,"w":-0.21069647371768952},"size":5.648738384246826,"orthographic":false}