{"cameraMode":{"drawMode":0,"name":"Shaded","section":"Shading Mode"},"sceneLighting":false,"audioPlay":false,"sceneViewState":{"showFog":true,"showMaterialUpdate":true,"showSkybox":true,"showFlares":true,"showImageEffects":true,"showParticleSystems":true},"in2DMode":false,"pivot":{"x":1.8609999418258668,"y":1.1611053943634034,"z":-4.865000247955322},"rotation":{"x":-0.007922057993710041,"y":0.991222083568573,"z":-0.07030504196882248,"w":-0.11168351024389267},"size":5.861238479614258,"orthographic":false}