{"cameraMode":{"drawMode":0,"name":"Shaded","section":"Shading Mode"},"sceneLighting":false,"audioPlay":false,"sceneViewState":{"showFog":true,"showMaterialUpdate":true,"showSkybox":true,"showFlares":true,"showImageEffects":true,"showParticleSystems":true},"in2DMode":false,"pivot":{"x":4.755885124206543,"y":0.49555277824401858,"z":1.5288466215133668},"rotation":{"x":-0.11189259588718414,"y":-0.5637955665588379,"z":0.07743969559669495,"w":-0.8146274089813232},"size":13.729188919067383,"orthographic":false}