{"cameraMode":{"drawMode":0,"name":"Shaded","section":"Shading Mode"},"sceneLighting":false,"audioPlay":false,"sceneViewState":{"showFog":true,"showMaterialUpdate":true,"showSkybox":true,"showFlares":true,"showImageEffects":true,"showParticleSystems":true},"in2DMode":false,"pivot":{"x":0.0,"y":2.9802322387695315e-8,"z":-6.150000095367432},"rotation":{"x":0.32439225912094118,"y":-0.18148452043533326,"z":0.06356494873762131,"w":0.9261709451675415},"size":5.018279075622559,"orthographic":false}