{"cameraMode":{"drawMode":0,"name":"Shaded","section":"Shading Mode"},"sceneLighting":false,"audioPlay":false,"sceneViewState":{"showFog":true,"showMaterialUpdate":true,"showSkybox":true,"showFlares":true,"showImageEffects":true,"showParticleSystems":true},"in2DMode":false,"pivot":{"x":16.397357940673829,"y":3.2527239322662355,"z":3.773395538330078},"rotation":{"x":-0.008820325136184693,"y":0.9852576851844788,"z":-0.05356108769774437,"w":-0.16223667562007905},"size":8.16440200805664,"orthographic":false}