{"cameraMode":{"drawMode":0,"name":"Shaded","section":"Shading Mode"},"sceneLighting":false,"audioPlay":false,"sceneViewState":{"showFog":true,"showMaterialUpdate":true,"showSkybox":true,"showFlares":true,"showImageEffects":true,"showParticleSystems":true},"in2DMode":false,"pivot":{"x":-16.25127601623535,"y":1.768965482711792,"z":2.6520891189575197},"rotation":{"x":-0.07391274720430374,"y":0.7983976006507874,"z":-0.10016749799251557,"w":-0.58912193775177},"size":4.690372467041016,"orthographic":false}