{"cameraMode":{"drawMode":0,"name":"Shaded","section":"Shading Mode"},"sceneLighting":false,"audioPlay":false,"sceneViewState":{"showFog":true,"showMaterialUpdate":true,"showSkybox":true,"showFlares":true,"showImageEffects":true,"showParticleSystems":true},"in2DMode":false,"pivot":{"x":1.253999948501587,"y":2.826995372772217,"z":4.665999889373779},"rotation":{"x":-0.0020476302597671749,"y":0.9754826426506043,"z":-0.009081035852432251,"w":-0.21987923979759217},"size":2.4050278663635256,"orthographic":false}