{"cameraMode":{"drawMode":0,"name":"Shaded","section":"Shading Mode"},"sceneLighting":false,"audioPlay":false,"sceneViewState":{"showFog":true,"showMaterialUpdate":true,"showSkybox":true,"showFlares":true,"showImageEffects":true,"showParticleSystems":true},"in2DMode":false,"pivot":{"x":-13.194687843322754,"y":1.462261438369751,"z":0.37790119647979739},"rotation":{"x":-0.03452329710125923,"y":0.8812412619590759,"z":-0.06516176462173462,"w":-0.46687906980514529},"size":4.312740802764893,"orthographic":false}