{"cameraMode":{"drawMode":0,"name":"Shaded","section":"Shading Mode"},"sceneLighting":false,"audioPlay":false,"sceneViewState":{"showFog":true,"showMaterialUpdate":true,"showSkybox":true,"showFlares":true,"showImageEffects":true,"showParticleSystems":true},"in2DMode":false,"pivot":{"x":-8.720000267028809,"y":1.86615788936615,"z":10.284343719482422},"rotation":{"x":-0.002069164765998721,"y":0.9974631667137146,"z":-0.06323304772377014,"w":-0.03262835741043091},"size":3.815101385116577,"orthographic":false}