{"cameraMode":{"drawMode":0,"name":"Shaded","section":"Shading Mode"},"sceneLighting":false,"audioPlay":false,"sceneViewState":{"showFog":true,"showMaterialUpdate":true,"showSkybox":true,"showFlares":true,"showImageEffects":true,"showParticleSystems":true},"in2DMode":false,"pivot":{"x":0.0,"y":1.4901161193847657e-8,"z":-1.862645149230957e-8},"rotation":{"x":-0.015697553753852845,"y":0.9794661402702332,"z":-0.08425455540418625,"w":-0.1824852079153061},"size":0.31798049807548525,"orthographic":false}