{"cameraMode":{"drawMode":0,"name":"Shaded","section":"Shading Mode"},"sceneLighting":false,"audioPlay":false,"sceneViewState":{"showFog":true,"showMaterialUpdate":true,"showSkybox":true,"showFlares":true,"showImageEffects":true,"showParticleSystems":true},"in2DMode":false,"pivot":{"x":0.0,"y":3.725290298461914e-9,"z":3.725290298461914e-9},"rotation":{"x":-0.012853583320975304,"y":0.9820108413696289,"z":-0.07261397689580918,"w":-0.17382961511611939},"size":0.1951531320810318,"orthographic":false}