{"cameraMode":{"drawMode":0,"name":"Shaded","section":"Shading Mode"},"sceneLighting":false,"audioPlay":false,"sceneViewState":{"showFog":true,"showMaterialUpdate":true,"showSkybox":true,"showFlares":true,"showImageEffects":true,"showParticleSystems":true},"in2DMode":false,"pivot":{"x":0.0,"y":-9.313225746154785e-9,"z":-1.4901161193847657e-8},"rotation":{"x":-0.003395786974579096,"y":0.9965581297874451,"z":-0.06317616254091263,"w":-0.05356569215655327},"size":0.4136713445186615,"orthographic":false}