{"cameraMode":{"drawMode":0,"name":"Shaded","section":"Shading Mode"},"sceneLighting":false,"audioPlay":false,"sceneViewState":{"showFog":true,"showMaterialUpdate":true,"showSkybox":true,"showFlares":true,"showImageEffects":true,"showParticleSystems":true},"in2DMode":false,"pivot":{"x":5.495492935180664,"y":0.33441469073295596,"z":36.60931396484375},"rotation":{"x":0.08201511204242706,"y":0.0970144271850586,"z":-0.008021896705031395,"w":0.9918656349182129},"size":9.443045616149903,"orthographic":false}