{"cameraMode":{"drawMode":0,"name":"Shaded","section":"Shading Mode"},"sceneLighting":false,"audioPlay":false,"sceneViewState":{"showFog":true,"showMaterialUpdate":true,"showSkybox":true,"showFlares":true,"showImageEffects":true,"showParticleSystems":true},"in2DMode":false,"pivot":{"x":4.230000019073486,"y":1.099199652671814,"z":-4.92275857925415},"rotation":{"x":-0.005247289780527353,"y":0.9940164089202881,"z":-0.05553283169865608,"w":-0.09391451627016068},"size":4.178028583526611,"orthographic":false}