{"cameraMode":{"drawMode":0,"name":"Shaded","section":"Shading Mode"},"sceneLighting":false,"audioPlay":false,"sceneViewState":{"showFog":true,"showMaterialUpdate":true,"showSkybox":true,"showFlares":true,"showImageEffects":true,"showParticleSystems":true},"in2DMode":false,"pivot":{"x":0.10000014305114746,"y":1.5,"z":-0.09999999403953552},"rotation":{"x":-0.166387140750885,"y":0.32205691933631899,"z":-0.0576067678630352,"w":-0.9302022457122803},"size":4.971951484680176,"orthographic":false}