{"cameraMode":{"drawMode":0,"name":"Shaded","section":"Shading Mode"},"sceneLighting":false,"audioPlay":false,"sceneViewState":{"showFog":true,"showMaterialUpdate":true,"showSkybox":true,"showFlares":true,"showImageEffects":true,"showParticleSystems":true},"in2DMode":false,"pivot":{"x":7.610000133514404,"y":1.3205193281173707,"z":-2.0523624420166017},"rotation":{"x":-0.013040288351476193,"y":0.9755980372428894,"z":-0.06037766486406326,"w":-0.21069647371768952},"size":5.38596248626709,"orthographic":false}