{"cameraMode":{"drawMode":0,"name":"Shaded","section":"Shading Mode"},"sceneLighting":false,"audioPlay":false,"sceneViewState":{"showFog":true,"showMaterialUpdate":true,"showSkybox":true,"showFlares":true,"showImageEffects":true,"showParticleSystems":true},"in2DMode":false,"pivot":{"x":-0.38984012603759768,"y":1.9701824188232422,"z":-1.9760000705718995},"rotation":{"x":0.013152728788554669,"y":0.07551807910203934,"z":0.000997025752440095,"w":-0.9970571994781494},"size":7.311769962310791,"orthographic":false}