{"cameraMode":{"drawMode":0,"name":"Shaded","section":"Shading Mode"},"sceneLighting":false,"audioPlay":false,"sceneViewState":{"showFog":true,"showMaterialUpdate":true,"showSkybox":true,"showFlares":true,"showImageEffects":true,"showParticleSystems":true},"in2DMode":false,"pivot":{"x":-7.61959171295166,"y":0.8151047229766846,"z":37.31585693359375},"rotation":{"x":-0.09883782267570496,"y":-0.002985503291711211,"z":0.00029613549122586846,"w":-0.9950990676879883},"size":10.351873397827149,"orthographic":false}