{"cameraMode":{"drawMode":0,"name":"Shaded","section":"Shading Mode"},"sceneLighting":false,"audioPlay":false,"sceneViewState":{"showFog":true,"showMaterialUpdate":true,"showSkybox":true,"showFlares":true,"showImageEffects":true,"showParticleSystems":true},"in2DMode":false,"pivot":{"x":0.0,"y":-2.2351741790771486e-8,"z":-3.725290298461914e-8},"rotation":{"x":-0.025455309078097345,"y":0.9734221696853638,"z":-0.13549873232841493,"w":-0.1828702688217163},"size":0.28682225942611697,"orthographic":false}