{"cameraMode":{"drawMode":0,"name":"Shaded","section":"Shading Mode"},"sceneLighting":false,"audioPlay":false,"sceneViewState":{"showFog":true,"showMaterialUpdate":true,"showSkybox":true,"showFlares":true,"showImageEffects":true,"showParticleSystems":true},"in2DMode":false,"pivot":{"x":-6.100000858306885,"y":1.106520652770996,"z":-2.24617338180542},"rotation":{"x":0.007027282379567623,"y":0.9918216466903687,"z":-0.06287495791912079,"w":0.11084792762994766},"size":6.137042045593262,"orthographic":false}