{"cameraMode":{"drawMode":0,"name":"Shaded","section":"Shading Mode"},"sceneLighting":false,"audioPlay":false,"sceneViewState":{"showFog":true,"showMaterialUpdate":true,"showSkybox":true,"showFlares":true,"showImageEffects":true,"showParticleSystems":true},"in2DMode":false,"pivot":{"x":0.0,"y":-5.587935447692871e-9,"z":3.725290298461914e-9},"rotation":{"x":-0.03838840499520302,"y":0.9604167342185974,"z":-0.16912637650966645,"w":-0.21799629926681519},"size":0.30754539370536806,"orthographic":false}